Mod:Item:MetaData, Localized Name
minecraft:air, Air
minecraft:stone:0, Stone
minecraft:stone:1, Granite
minecraft:stone:2, Polished Granite
minecraft:stone:3, Diorite
minecraft:stone:4, Polished Diorite
minecraft:stone:5, Andesite
minecraft:stone:6, Polished Andesite
minecraft:grass, Grass Block
minecraft:dirt:0, Dirt
minecraft:dirt:1, Coarse Dirt
minecraft:dirt:2, Podzol
minecraft:cobblestone, Cobblestone
minecraft:planks:0, Oak Wood Planks
minecraft:planks:1, Spruce Wood Planks
minecraft:planks:2, Birch Wood Planks
minecraft:planks:3, Jungle Wood Planks
minecraft:planks:4, Acacia Wood Planks
minecraft:planks:5, Dark Oak Wood Planks
minecraft:sapling:0, Oak Sapling
minecraft:sapling:1, Spruce Sapling
minecraft:sapling:2, Birch Sapling
minecraft:sapling:3, Jungle Sapling
minecraft:sapling:4, Acacia Sapling
minecraft:sapling:5, Dark Oak Sapling
minecraft:bedrock, Bedrock
minecraft:sand:0, Sand
minecraft:sand:1, Red Sand
minecraft:gravel, Gravel
minecraft:gold_ore, Gold Ore
minecraft:iron_ore, Iron Ore
minecraft:coal_ore, Coal Ore
minecraft:log:0, Oak Wood
minecraft:log:1, Spruce Wood
minecraft:log:2, Birch Wood
minecraft:log:3, Jungle Wood
minecraft:leaves:0, Oak Leaves
minecraft:leaves:1, Spruce Leaves
minecraft:leaves:2, Birch Leaves
minecraft:leaves:3, Jungle Leaves
minecraft:sponge:0, Sponge
minecraft:sponge:1, Wet Sponge
minecraft:glass, Glass
minecraft:lapis_ore, Lapis Lazuli Ore
minecraft:lapis_block, Lapis Lazuli Block
minecraft:dispenser, Dispenser
minecraft:sandstone:0, Sandstone
minecraft:sandstone:1, Chiseled Sandstone
minecraft:sandstone:2, Smooth Sandstone
minecraft:noteblock, Note Block
minecraft:golden_rail, Powered Rail
minecraft:detector_rail, Detector Rail
minecraft:sticky_piston, Sticky Piston
minecraft:web, Cobweb
minecraft:tallgrass:1, Grass
minecraft:tallgrass:2, Fern
minecraft:deadbush, Dead Bush
minecraft:piston, Piston
minecraft:wool:0, White Wool
minecraft:wool:1, Orange Wool
minecraft:wool:2, Magenta Wool
minecraft:wool:3, Light Blue Wool
minecraft:wool:4, Yellow Wool
minecraft:wool:5, Lime Wool
minecraft:wool:6, Pink Wool
minecraft:wool:7, Gray Wool
minecraft:wool:8, Light Gray Wool
minecraft:wool:9, Cyan Wool
minecraft:wool:10, Purple Wool
minecraft:wool:11, Blue Wool
minecraft:wool:12, Brown Wool
minecraft:wool:13, Green Wool
minecraft:wool:14, Red Wool
minecraft:wool:15, Black Wool
minecraft:yellow_flower:0, Dandelion
minecraft:red_flower:0, Poppy
minecraft:red_flower:1, Blue Orchid
minecraft:red_flower:2, Allium
minecraft:red_flower:3, Azure Bluet
minecraft:red_flower:4, Red Tulip
minecraft:red_flower:5, Orange Tulip
minecraft:red_flower:6, White Tulip
minecraft:red_flower:7, Pink Tulip
minecraft:red_flower:8, Oxeye Daisy
minecraft:brown_mushroom, Mushroom
minecraft:red_mushroom, Mushroom
minecraft:gold_block, Block of Gold
minecraft:iron_block, Block of Iron
minecraft:stone_slab:0, Stone Slab
minecraft:stone_slab:1, Sandstone Slab
minecraft:stone_slab:3, Cobblestone Slab
minecraft:stone_slab:4, Bricks Slab
minecraft:stone_slab:5, Stone Bricks Slab
minecraft:stone_slab:6, Nether Brick Slab
minecraft:stone_slab:7, Quartz Slab
minecraft:brick_block, Bricks
minecraft:tnt, TNT
minecraft:bookshelf, Bookshelf
minecraft:mossy_cobblestone, Moss Stone
minecraft:obsidian, Obsidian
minecraft:torch, Torch
minecraft:mob_spawner, Monster Spawner
minecraft:oak_stairs, Oak Wood Stairs
minecraft:chest, Chest
minecraft:diamond_ore, Diamond Ore
minecraft:diamond_block, Block of Diamond
minecraft:crafting_table, Crafting Table
minecraft:farmland, Farmland
minecraft:furnace, Furnace
minecraft:ladder, Ladder
minecraft:rail, Rail
minecraft:stone_stairs, Cobblestone Stairs
minecraft:lever, Lever
minecraft:stone_pressure_plate, Stone Pressure Plate
minecraft:wooden_pressure_plate, Wooden Pressure Plate
minecraft:redstone_ore, Redstone Ore
minecraft:redstone_torch, Redstone Torch
minecraft:stone_button, Button
minecraft:snow_layer, Snow
minecraft:ice, Ice
minecraft:snow, Snow
minecraft:cactus, Cactus
minecraft:clay, Clay
minecraft:jukebox, Jukebox
minecraft:fence, Oak Fence
minecraft:pumpkin, Pumpkin
minecraft:netherrack, Netherrack
minecraft:soul_sand, Soul Sand
minecraft:glowstone, Glowstone
minecraft:lit_pumpkin, Jack o'Lantern
minecraft:stained_glass:0, White Stained Glass
minecraft:stained_glass:1, Orange Stained Glass
minecraft:stained_glass:2, Magenta Stained Glass
minecraft:stained_glass:3, Light Blue Stained Glass
minecraft:stained_glass:4, Yellow Stained Glass
minecraft:stained_glass:5, Lime Stained Glass
minecraft:stained_glass:6, Pink Stained Glass
minecraft:stained_glass:7, Gray Stained Glass
minecraft:stained_glass:8, Light Gray Stained Glass
minecraft:stained_glass:9, Cyan Stained Glass
minecraft:stained_glass:10, Purple Stained Glass
minecraft:stained_glass:11, Blue Stained Glass
minecraft:stained_glass:12, Brown Stained Glass
minecraft:stained_glass:13, Green Stained Glass
minecraft:stained_glass:14, Red Stained Glass
minecraft:stained_glass:15, Black Stained Glass
minecraft:trapdoor, Wooden Trapdoor
minecraft:monster_egg:0, Stone Monster Egg
minecraft:monster_egg:1, Cobblestone Monster Egg
minecraft:monster_egg:2, Stone Brick Monster Egg
minecraft:monster_egg:3, Mossy Stone Brick Monster Egg
minecraft:monster_egg:4, Cracked Stone Brick Monster Egg
minecraft:monster_egg:5, Chiseled Stone Brick Monster Egg
minecraft:stonebrick:0, Stone Bricks
minecraft:stonebrick:1, Mossy Stone Bricks
minecraft:stonebrick:2, Cracked Stone Bricks
minecraft:stonebrick:3, Chiseled Stone Bricks
minecraft:brown_mushroom_block, Mushroom
minecraft:red_mushroom_block, Mushroom
minecraft:iron_bars, Iron Bars
minecraft:glass_pane, Glass Pane
minecraft:melon_block, Melon
minecraft:vine, Vines
minecraft:fence_gate, Oak Fence Gate
minecraft:brick_stairs, Brick Stairs
minecraft:stone_brick_stairs, Stone Brick Stairs
minecraft:mycelium, Mycelium
minecraft:waterlily, Lily Pad
minecraft:nether_brick, Nether Brick
minecraft:nether_brick_fence, Nether Brick Fence
minecraft:nether_brick_stairs, Nether Brick Stairs
minecraft:enchanting_table, Enchantment Table
minecraft:end_portal_frame, End Portal
minecraft:end_stone, End Stone
minecraft:dragon_egg, Dragon Egg
minecraft:redstone_lamp, Redstone Lamp
minecraft:wooden_slab:0, Oak Wood Slab
minecraft:wooden_slab:1, Spruce Wood Slab
minecraft:wooden_slab:2, Birch Wood Slab
minecraft:wooden_slab:3, Jungle Wood Slab
minecraft:wooden_slab:4, Acacia Wood Slab
minecraft:wooden_slab:5, Dark Oak Wood Slab
minecraft:sandstone_stairs, Sandstone Stairs
minecraft:emerald_ore, Emerald Ore
minecraft:ender_chest, Ender Chest
minecraft:tripwire_hook, Tripwire Hook
minecraft:emerald_block, Block of Emerald
minecraft:spruce_stairs, Spruce Wood Stairs
minecraft:birch_stairs, Birch Wood Stairs
minecraft:jungle_stairs, Jungle Wood Stairs
minecraft:command_block, Command Block
minecraft:beacon, Beacon
minecraft:cobblestone_wall:0, Cobblestone Wall
minecraft:cobblestone_wall:1, Mossy Cobblestone Wall
minecraft:wooden_button, Button
minecraft:anvil:0, Anvil
minecraft:anvil:1, Slightly Damaged Anvil
minecraft:anvil:2, Very Damaged Anvil
minecraft:trapped_chest, Trapped Chest
minecraft:light_weighted_pressure_plate, Weighted Pressure Plate (Light)
minecraft:heavy_weighted_pressure_plate, Weighted Pressure Plate (Heavy)
minecraft:daylight_detector, Daylight Sensor
minecraft:redstone_block, Block of Redstone
minecraft:quartz_ore, Nether Quartz Ore
minecraft:hopper, Hopper
minecraft:quartz_block:0, Block of Quartz
minecraft:quartz_block:1, Chiseled Quartz Block
minecraft:quartz_block:2, Pillar Quartz Block
minecraft:quartz_stairs, Quartz Stairs
minecraft:activator_rail, Activator Rail
minecraft:dropper, Dropper
minecraft:stained_hardened_clay:0, White Terracotta
minecraft:stained_hardened_clay:1, Orange Terracotta
minecraft:stained_hardened_clay:2, Magenta Terracotta
minecraft:stained_hardened_clay:3, Light Blue Terracotta
minecraft:stained_hardened_clay:4, Yellow Terracotta
minecraft:stained_hardened_clay:5, Lime Terracotta
minecraft:stained_hardened_clay:6, Pink Terracotta
minecraft:stained_hardened_clay:7, Gray Terracotta
minecraft:stained_hardened_clay:8, Light Gray Terracotta
minecraft:stained_hardened_clay:9, Cyan Terracotta
minecraft:stained_hardened_clay:10, Purple Terracotta
minecraft:stained_hardened_clay:11, Blue Terracotta
minecraft:stained_hardened_clay:12, Brown Terracotta
minecraft:stained_hardened_clay:13, Green Terracotta
minecraft:stained_hardened_clay:14, Red Terracotta
minecraft:stained_hardened_clay:15, Black Terracotta
minecraft:stained_glass_pane:0, White Stained Glass Pane
minecraft:stained_glass_pane:1, Orange Stained Glass Pane
minecraft:stained_glass_pane:2, Magenta Stained Glass Pane
minecraft:stained_glass_pane:3, Light Blue Stained Glass Pane
minecraft:stained_glass_pane:4, Yellow Stained Glass Pane
minecraft:stained_glass_pane:5, Lime Stained Glass Pane
minecraft:stained_glass_pane:6, Pink Stained Glass Pane
minecraft:stained_glass_pane:7, Gray Stained Glass Pane
minecraft:stained_glass_pane:8, Light Gray Stained Glass Pane
minecraft:stained_glass_pane:9, Cyan Stained Glass Pane
minecraft:stained_glass_pane:10, Purple Stained Glass Pane
minecraft:stained_glass_pane:11, Blue Stained Glass Pane
minecraft:stained_glass_pane:12, Brown Stained Glass Pane
minecraft:stained_glass_pane:13, Green Stained Glass Pane
minecraft:stained_glass_pane:14, Red Stained Glass Pane
minecraft:stained_glass_pane:15, Black Stained Glass Pane
minecraft:leaves2:0, Acacia Leaves
minecraft:leaves2:1, Dark Oak Leaves
minecraft:log2:0, Acacia Wood
minecraft:log2:1, Dark Oak Wood
minecraft:acacia_stairs, Acacia Wood Stairs
minecraft:dark_oak_stairs, Dark Oak Wood Stairs
minecraft:slime, Slime Block
minecraft:barrier, Barrier
minecraft:iron_trapdoor, Iron Trapdoor
minecraft:prismarine:0, Prismarine
minecraft:prismarine:1, Prismarine Bricks
minecraft:prismarine:2, Dark Prismarine
minecraft:sea_lantern, Sea Lantern
minecraft:hay_block, Hay Bale
minecraft:carpet:0, White Carpet
minecraft:carpet:1, Orange Carpet
minecraft:carpet:2, Magenta Carpet
minecraft:carpet:3, Light Blue Carpet
minecraft:carpet:4, Yellow Carpet
minecraft:carpet:5, Lime Carpet
minecraft:carpet:6, Pink Carpet
minecraft:carpet:7, Gray Carpet
minecraft:carpet:8, Light Gray Carpet
minecraft:carpet:9, Cyan Carpet
minecraft:carpet:10, Purple Carpet
minecraft:carpet:11, Blue Carpet
minecraft:carpet:12, Brown Carpet
minecraft:carpet:13, Green Carpet
minecraft:carpet:14, Red Carpet
minecraft:carpet:15, Black Carpet
minecraft:hardened_clay, Terracotta
minecraft:coal_block, Block of Coal
minecraft:packed_ice, Packed Ice
minecraft:double_plant:0, Sunflower
minecraft:double_plant:1, Lilac
minecraft:double_plant:2, Double Tallgrass
minecraft:double_plant:3, Large Fern
minecraft:double_plant:4, Rose Bush
minecraft:double_plant:5, Peony
minecraft:red_sandstone:0, Red Sandstone
minecraft:red_sandstone:1, Chiseled Red Sandstone
minecraft:red_sandstone:2, Smooth Red Sandstone
minecraft:red_sandstone_stairs, Red Sandstone Stairs
minecraft:stone_slab2:0, Red Sandstone Slab
minecraft:spruce_fence_gate, Spruce Fence Gate
minecraft:birch_fence_gate, Birch Fence Gate
minecraft:jungle_fence_gate, Jungle Fence Gate
minecraft:dark_oak_fence_gate, Dark Oak Fence Gate
minecraft:acacia_fence_gate, Acacia Fence Gate
minecraft:spruce_fence, Spruce Fence
minecraft:birch_fence, Birch Fence
minecraft:jungle_fence, Jungle Fence
minecraft:dark_oak_fence, Dark Oak Fence
minecraft:acacia_fence, Acacia Fence
minecraft:end_rod, End Rod
minecraft:chorus_plant, Chorus Plant
minecraft:chorus_flower, Chorus Flower
minecraft:purpur_block, Purpur Block
minecraft:purpur_pillar, Purpur Pillar
minecraft:purpur_stairs, Purpur Stairs
minecraft:purpur_slab:0, Purpur Slab
minecraft:end_bricks, End Stone Bricks
minecraft:grass_path, Grass Path
minecraft:repeating_command_block, Repeating Command Block
minecraft:chain_command_block, Chain Command Block
minecraft:magma, Magma Block
minecraft:nether_wart_block, Nether Wart Block
minecraft:red_nether_brick, Red Nether Brick
minecraft:bone_block, Bone Block
minecraft:structure_void, Structure Void
minecraft:observer, Observer
minecraft:white_shulker_box, White Shulker Box
minecraft:orange_shulker_box, Orange Shulker Box
minecraft:magenta_shulker_box, Magenta Shulker Box
minecraft:light_blue_shulker_box, Light Blue Shulker Box
minecraft:yellow_shulker_box, Yellow Shulker Box
minecraft:lime_shulker_box, Lime Shulker Box
minecraft:pink_shulker_box, Pink Shulker Box
minecraft:gray_shulker_box, Gray Shulker Box
minecraft:silver_shulker_box, Light Gray Shulker Box
minecraft:cyan_shulker_box, Cyan Shulker Box
minecraft:purple_shulker_box, Purple Shulker Box
minecraft:blue_shulker_box, Blue Shulker Box
minecraft:brown_shulker_box, Brown Shulker Box
minecraft:green_shulker_box, Green Shulker Box
minecraft:red_shulker_box, Red Shulker Box
minecraft:black_shulker_box, Black Shulker Box
minecraft:white_glazed_terracotta, White Glazed Terracotta
minecraft:orange_glazed_terracotta, Orange Glazed Terracotta
minecraft:magenta_glazed_terracotta, Magenta Glazed Terracotta
minecraft:light_blue_glazed_terracotta, Light Blue Glazed Terracotta
minecraft:yellow_glazed_terracotta, Yellow Glazed Terracotta
minecraft:lime_glazed_terracotta, Lime Glazed Terracotta
minecraft:pink_glazed_terracotta, Pink Glazed Terracotta
minecraft:gray_glazed_terracotta, Gray Glazed Terracotta
minecraft:silver_glazed_terracotta, Light Gray Glazed Terracotta
minecraft:cyan_glazed_terracotta, Cyan Glazed Terracotta
minecraft:purple_glazed_terracotta, Purple Glazed Terracotta
minecraft:blue_glazed_terracotta, Blue Glazed Terracotta
minecraft:brown_glazed_terracotta, Brown Glazed Terracotta
minecraft:green_glazed_terracotta, Green Glazed Terracotta
minecraft:red_glazed_terracotta, Red Glazed Terracotta
minecraft:black_glazed_terracotta, Black Glazed Terracotta
minecraft:concrete:0, White Concrete
minecraft:concrete:1, Orange Concrete
minecraft:concrete:2, Magenta Concrete
minecraft:concrete:3, Light Blue Concrete
minecraft:concrete:4, Yellow Concrete
minecraft:concrete:5, Lime Concrete
minecraft:concrete:6, Pink Concrete
minecraft:concrete:7, Gray Concrete
minecraft:concrete:8, Light Gray Concrete
minecraft:concrete:9, Cyan Concrete
minecraft:concrete:10, Purple Concrete
minecraft:concrete:11, Blue Concrete
minecraft:concrete:12, Brown Concrete
minecraft:concrete:13, Green Concrete
minecraft:concrete:14, Red Concrete
minecraft:concrete:15, Black Concrete
minecraft:concrete_powder:0, White Concrete Powder
minecraft:concrete_powder:1, Orange Concrete Powder
minecraft:concrete_powder:2, Magenta Concrete Powder
minecraft:concrete_powder:3, Light Blue Concrete Powder
minecraft:concrete_powder:4, Yellow Concrete Powder
minecraft:concrete_powder:5, Lime Concrete Powder
minecraft:concrete_powder:6, Pink Concrete Powder
minecraft:concrete_powder:7, Gray Concrete Powder
minecraft:concrete_powder:8, Light Gray Concrete Powder
minecraft:concrete_powder:9, Cyan Concrete Powder
minecraft:concrete_powder:10, Purple Concrete Powder
minecraft:concrete_powder:11, Blue Concrete Powder
minecraft:concrete_powder:12, Brown Concrete Powder
minecraft:concrete_powder:13, Green Concrete Powder
minecraft:concrete_powder:14, Red Concrete Powder
minecraft:concrete_powder:15, Black Concrete Powder
minecraft:structure_block, Structure Block
minecraft:iron_shovel, Iron Shovel
minecraft:iron_pickaxe, Iron Pickaxe
minecraft:iron_axe, Iron Axe
minecraft:flint_and_steel, Flint and Steel
minecraft:apple, Apple
minecraft:bow, Bow
minecraft:arrow, Arrow
minecraft:coal:0, Coal
minecraft:coal:1, Charcoal
minecraft:diamond, Diamond
minecraft:iron_ingot, Iron Ingot
minecraft:gold_ingot, Gold Ingot
minecraft:iron_sword, Iron Sword
minecraft:wooden_sword, Wooden Sword
minecraft:wooden_shovel, Wooden Shovel
minecraft:wooden_pickaxe, Wooden Pickaxe
minecraft:wooden_axe, Wooden Axe
minecraft:stone_sword, Stone Sword
minecraft:stone_shovel, Stone Shovel
minecraft:stone_pickaxe, Stone Pickaxe
minecraft:stone_axe, Stone Axe
minecraft:diamond_sword, Diamond Sword
minecraft:diamond_shovel, Diamond Shovel
minecraft:diamond_pickaxe, Diamond Pickaxe
minecraft:diamond_axe, Diamond Axe
minecraft:stick, Stick
minecraft:bowl, Bowl
minecraft:mushroom_stew, Mushroom Stew
minecraft:golden_sword, Golden Sword
minecraft:golden_shovel, Golden Shovel
minecraft:golden_pickaxe, Golden Pickaxe
minecraft:golden_axe, Golden Axe
minecraft:string, String
minecraft:feather, Feather
minecraft:gunpowder, Gunpowder
minecraft:wooden_hoe, Wooden Hoe
minecraft:stone_hoe, Stone Hoe
minecraft:iron_hoe, Iron Hoe
minecraft:diamond_hoe, Diamond Hoe
minecraft:golden_hoe, Golden Hoe
minecraft:wheat_seeds, Seeds
minecraft:wheat, Wheat
minecraft:bread, Bread
minecraft:leather_helmet, Leather Cap
minecraft:leather_chestplate, Leather Tunic
minecraft:leather_leggings, Leather Pants
minecraft:leather_boots, Leather Boots
minecraft:chainmail_helmet, Chain Helmet
minecraft:chainmail_chestplate, Chain Chestplate
minecraft:chainmail_leggings, Chain Leggings
minecraft:chainmail_boots, Chain Boots
minecraft:iron_helmet, Iron Helmet
minecraft:iron_chestplate, Iron Chestplate
minecraft:iron_leggings, Iron Leggings
minecraft:iron_boots, Iron Boots
minecraft:diamond_helmet, Diamond Helmet
minecraft:diamond_chestplate, Diamond Chestplate
minecraft:diamond_leggings, Diamond Leggings
minecraft:diamond_boots, Diamond Boots
minecraft:golden_helmet, Golden Helmet
minecraft:golden_chestplate, Golden Chestplate
minecraft:golden_leggings, Golden Leggings
minecraft:golden_boots, Golden Boots
minecraft:flint, Flint
minecraft:porkchop, Raw Porkchop
minecraft:cooked_porkchop, Cooked Porkchop
minecraft:painting, Painting
minecraft:golden_apple:0, Golden Apple
minecraft:golden_apple:1, Golden Apple
minecraft:sign, Sign
minecraft:wooden_door, Oak Door
minecraft:bucket, Bucket
minecraft:water_bucket, Water Bucket
minecraft:lava_bucket, Lava Bucket
minecraft:minecart, Minecart
minecraft:saddle, Saddle
minecraft:iron_door, Iron Door
minecraft:redstone, Redstone
minecraft:snowball, Snowball
minecraft:boat, Oak Boat
minecraft:leather, Leather
minecraft:milk_bucket, Milk
minecraft:brick, Brick
minecraft:clay_ball, Clay
minecraft:reeds, Sugar Canes
minecraft:paper, Paper
minecraft:book, Book
minecraft:slime_ball, Slimeball
minecraft:chest_minecart, Minecart with Chest
minecraft:furnace_minecart, Minecart with Furnace
minecraft:egg, Egg
minecraft:compass, Compass
minecraft:fishing_rod, Fishing Rod
minecraft:clock, Clock
minecraft:glowstone_dust, Glowstone Dust
minecraft:fish:0, Raw Fish
minecraft:fish:1, Raw Salmon
minecraft:fish:2, Clownfish
minecraft:fish:3, Pufferfish
minecraft:cooked_fish:0, Cooked Fish
minecraft:cooked_fish:1, Cooked Salmon
minecraft:dye:0, Ink Sac
minecraft:dye:1, Rose Red
minecraft:dye:2, Cactus Green
minecraft:dye:3, Cocoa Beans
minecraft:dye:4, Lapis Lazuli
minecraft:dye:5, Purple Dye
minecraft:dye:6, Cyan Dye
minecraft:dye:7, Light Gray Dye
minecraft:dye:8, Gray Dye
minecraft:dye:9, Pink Dye
minecraft:dye:10, Lime Dye
minecraft:dye:11, Dandelion Yellow
minecraft:dye:12, Light Blue Dye
minecraft:dye:13, Magenta Dye
minecraft:dye:14, Orange Dye
minecraft:dye:15, Bone Meal
minecraft:bone, Bone
minecraft:sugar, Sugar
minecraft:cake, Cake
minecraft:bed:0, White Bed
minecraft:bed:1, Orange Bed
minecraft:bed:2, Magenta Bed
minecraft:bed:3, Light Blue Bed
minecraft:bed:4, Yellow Bed
minecraft:bed:5, Lime Bed
minecraft:bed:6, Pink Bed
minecraft:bed:7, Gray Bed
minecraft:bed:8, Light Gray Bed
minecraft:bed:9, Cyan Bed
minecraft:bed:10, Purple Bed
minecraft:bed:11, Blue Bed
minecraft:bed:12, Brown Bed
minecraft:bed:13, Green Bed
minecraft:bed:14, Red Bed
minecraft:bed:15, Black Bed
minecraft:repeater, Redstone Repeater
minecraft:cookie, Cookie
minecraft:filled_map:0, Map
minecraft:shears, Shears
minecraft:melon, Melon
minecraft:pumpkin_seeds, Pumpkin Seeds
minecraft:melon_seeds, Melon Seeds
minecraft:beef, Raw Beef
minecraft:cooked_beef, Steak
minecraft:chicken, Raw Chicken
minecraft:cooked_chicken, Cooked Chicken
minecraft:rotten_flesh, Rotten Flesh
minecraft:ender_pearl, Ender Pearl
minecraft:blaze_rod, Blaze Rod
minecraft:ghast_tear, Ghast Tear
minecraft:gold_nugget, Gold Nugget
minecraft:nether_wart, Nether Wart
minecraft:potion, Potion
minecraft:glass_bottle, Glass Bottle
minecraft:spider_eye, Spider Eye
minecraft:fermented_spider_eye, Fermented Spider Eye
minecraft:blaze_powder, Blaze Powder
minecraft:magma_cream, Magma Cream
minecraft:brewing_stand, Brewing Stand
minecraft:cauldron, Cauldron
minecraft:ender_eye, Eye of Ender
minecraft:speckled_melon, Glistering Melon
minecraft:spawn_egg, Spawn
minecraft:experience_bottle, Bottle o' Enchanting
minecraft:fire_charge, Fire Charge
minecraft:writable_book, Book and Quill
minecraft:written_book, Written Book
minecraft:emerald, Emerald
minecraft:item_frame, Item Frame
minecraft:flower_pot, Flower Pot
minecraft:carrot, Carrot
minecraft:potato, Potato
minecraft:baked_potato, Baked Potato
minecraft:poisonous_potato, Poisonous Potato
minecraft:map, Empty Map
minecraft:golden_carrot, Golden Carrot
minecraft:skull:0, Skeleton Skull
minecraft:skull:1, Wither Skeleton Skull
minecraft:skull:2, Zombie Head
minecraft:skull:3, Head
minecraft:skull:4, Creeper Head
minecraft:skull:5, Dragon Head
minecraft:carrot_on_a_stick, Carrot on a Stick
minecraft:nether_star, Nether Star
minecraft:pumpkin_pie, Pumpkin Pie
minecraft:fireworks, Firework Rocket
minecraft:firework_charge, Firework Star
minecraft:enchanted_book, Enchanted Book
minecraft:comparator, Redstone Comparator
minecraft:netherbrick, Nether Brick
minecraft:quartz, Nether Quartz
minecraft:tnt_minecart, Minecart with TNT
minecraft:hopper_minecart, Minecart with Hopper
minecraft:prismarine_shard, Prismarine Shard
minecraft:prismarine_crystals, Prismarine Crystals
minecraft:rabbit, Raw Rabbit
minecraft:cooked_rabbit, Cooked Rabbit
minecraft:rabbit_stew, Rabbit Stew
minecraft:rabbit_foot, Rabbit's Foot
minecraft:rabbit_hide, Rabbit Hide
minecraft:armor_stand, Armor Stand
minecraft:iron_horse_armor, Iron Horse Armor
minecraft:golden_horse_armor, Gold Horse Armor
minecraft:diamond_horse_armor, Diamond Horse Armor
minecraft:lead, Lead
minecraft:name_tag, Name Tag
minecraft:command_block_minecart, Minecart with Command Block
minecraft:mutton, Raw Mutton
minecraft:cooked_mutton, Cooked Mutton
minecraft:banner:15, White Banner
minecraft:banner:14, Orange Banner
minecraft:banner:13, Magenta Banner
minecraft:banner:12, Light Blue Banner
minecraft:banner:11, Yellow Banner
minecraft:banner:10, Lime Banner
minecraft:banner:9, Pink Banner
minecraft:banner:8, Gray Banner
minecraft:banner:7, Light Gray Banner
minecraft:banner:6, Cyan Banner
minecraft:banner:5, Purple Banner
minecraft:banner:4, Blue Banner
minecraft:banner:3, Brown Banner
minecraft:banner:2, Green Banner
minecraft:banner:1, Red Banner
minecraft:banner:0, Black Banner
minecraft:end_crystal, End Crystal
minecraft:spruce_door, Spruce Door
minecraft:birch_door, Birch Door
minecraft:jungle_door, Jungle Door
minecraft:acacia_door, Acacia Door
minecraft:dark_oak_door, Dark Oak Door
minecraft:chorus_fruit, Chorus Fruit
minecraft:chorus_fruit_popped, Popped Chorus Fruit
minecraft:beetroot, Beetroot
minecraft:beetroot_seeds, Beetroot Seeds
minecraft:beetroot_soup, Beetroot Soup
minecraft:dragon_breath, Dragon's Breath
minecraft:splash_potion, Splash Potion
minecraft:spectral_arrow, Spectral Arrow
minecraft:tipped_arrow, Tipped Arrow
minecraft:lingering_potion, Lingering Potion
minecraft:shield, Shield
minecraft:elytra, Elytra
minecraft:spruce_boat, Spruce Boat
minecraft:birch_boat, Birch Boat
minecraft:jungle_boat, Jungle Boat
minecraft:acacia_boat, Acacia Boat
minecraft:dark_oak_boat, Dark Oak Boat
minecraft:totem_of_undying, Totem of Undying
minecraft:shulker_shell, Shulker Shell
minecraft:iron_nugget, Iron Nugget
minecraft:knowledge_book, Knowledge Book
minecraft:record_13, Music Disc
minecraft:record_cat, Music Disc
minecraft:record_blocks, Music Disc
minecraft:record_chirp, Music Disc
minecraft:record_far, Music Disc
minecraft:record_mall, Music Disc
minecraft:record_mellohi, Music Disc
minecraft:record_stal, Music Disc
minecraft:record_strad, Music Disc
minecraft:record_ward, Music Disc
minecraft:record_11, Music Disc
minecraft:record_wait, Music Disc
forge:bucketfilled, %s Bucket
appliedenergistics2:quartz_ore, Certus Quartz Ore
appliedenergistics2:matrix_frame, Matrix Frame
appliedenergistics2:quartz_block, Certus Quartz Block
appliedenergistics2:quartz_pillar, Certus Quartz Pillar
appliedenergistics2:chiseled_quartz_block, Chiseled Certus Quartz Block
appliedenergistics2:quartz_glass, Quartz Glass
appliedenergistics2:quartz_vibrant_glass, Vibrant Quartz Glass
appliedenergistics2:quartz_fixture, Charged Quartz Fixture
appliedenergistics2:fluix_block, Fluix Block
appliedenergistics2:sky_stone_block, Sky Stone
appliedenergistics2:smooth_sky_stone_block, Sky Stone Block
appliedenergistics2:sky_stone_brick, Sky Stone Brick
appliedenergistics2:sky_stone_small_brick, Sky Stone Small Brick
appliedenergistics2:sky_stone_chest, Sky Stone Chest
appliedenergistics2:smooth_sky_stone_chest, Sky Stone Block Chest
appliedenergistics2:inscriber, Inscriber
appliedenergistics2:wireless_access_point, ME Wireless Access Point
appliedenergistics2:charger, Charger
appliedenergistics2:tiny_tnt, Tiny TNT
appliedenergistics2:security_station, ME Security Terminal
appliedenergistics2:quantum_ring, ME Quantum Ring
appliedenergistics2:quantum_link, ME Quantum Link Chamber
appliedenergistics2:spatial_pylon, Spatial Pylon
appliedenergistics2:spatial_io_port, Spatial IO Port
appliedenergistics2:controller, ME Controller
appliedenergistics2:condenser, Matter Condenser
appliedenergistics2:creative_energy_cell, Creative Energy Cell
appliedenergistics2:light_detector, Light Detecting Fixture
appliedenergistics2:paint, tile.appliedenergistics2.paint.name
appliedenergistics2:sky_stone_stairs, Sky Stone Stairs
appliedenergistics2:smooth_sky_stone_stairs, Sky Stone Block Stairs
appliedenergistics2:sky_stone_brick_stairs, Sky Stone Brick Stairs
appliedenergistics2:sky_stone_small_brick_stairs, Sky Stone Small Brick Stairs
appliedenergistics2:fluix_stairs, Fluix Stairs
appliedenergistics2:quartz_stairs, Certus Quartz Stairs
appliedenergistics2:chiseled_quartz_stairs, Chiseled Certus Quartz Stairs
appliedenergistics2:quartz_pillar_stairs, Certus Quartz Pillar Stairs
appliedenergistics2:cable_bus, AE2 Cable and/or Bus
appliedenergistics2:sky_stone_slab:0, Sky Stone Slabs
appliedenergistics2:smooth_sky_stone_slab:0, Sky Stone Block Slabs
appliedenergistics2:sky_stone_brick_slab:0, Sky Stone Brick Slabs
appliedenergistics2:sky_stone_small_brick_slab:0, Sky Stone Small Brick Slabs
appliedenergistics2:fluix_slab:0, Fluix Slabs
appliedenergistics2:quartz_slab:0, Certus Quartz Slabs
appliedenergistics2:chiseled_quartz_slab:0, Chiseled Certus Quartz Slabs
appliedenergistics2:quartz_pillar_slab:0, Certus Quartz Pillar Slabs
appliedenergistics2:entropy_manipulator, Entropy Manipulator
appliedenergistics2:wireless_terminal, Wireless Terminal
appliedenergistics2:charged_staff, Charged Staff
appliedenergistics2:matter_cannon, Matter Cannon
appliedenergistics2:color_applicator, Color Applicator
appliedenergistics2:biometric_card, Biometric Card
appliedenergistics2:memory_card, Memory Card
appliedenergistics2:network_tool, Network Tool
appliedenergistics2:spatial_storage_cell_2_cubed, 2³ Spatial Storage Cell
appliedenergistics2:spatial_storage_cell_16_cubed, 16³ Spatial Storage Cell
appliedenergistics2:spatial_storage_cell_128_cubed, 128³ Spatial Storage Cell
appliedenergistics2:facade:0, Cable Facade - Stone
appliedenergistics2:facade:0, Cable Facade - Granite
appliedenergistics2:facade:0, Cable Facade - Polished Granite
appliedenergistics2:facade:0, Cable Facade - Diorite
appliedenergistics2:facade:0, Cable Facade - Polished Diorite
appliedenergistics2:facade:0, Cable Facade - Andesite
appliedenergistics2:facade:0, Cable Facade - Polished Andesite
appliedenergistics2:facade:0, Cable Facade - Grass Block
appliedenergistics2:facade:0, Cable Facade - Dirt
appliedenergistics2:facade:0, Cable Facade - Coarse Dirt
appliedenergistics2:facade:0, Cable Facade - Podzol
appliedenergistics2:facade:0, Cable Facade - Cobblestone
appliedenergistics2:facade:0, Cable Facade - Oak Wood Planks
appliedenergistics2:facade:0, Cable Facade - Spruce Wood Planks
appliedenergistics2:facade:0, Cable Facade - Birch Wood Planks
appliedenergistics2:facade:0, Cable Facade - Jungle Wood Planks
appliedenergistics2:facade:0, Cable Facade - Acacia Wood Planks
appliedenergistics2:facade:0, Cable Facade - Dark Oak Wood Planks
appliedenergistics2:facade:0, Cable Facade - Bedrock
appliedenergistics2:facade:0, Cable Facade - Sand
appliedenergistics2:facade:0, Cable Facade - Red Sand
appliedenergistics2:facade:0, Cable Facade - Gravel
appliedenergistics2:facade:0, Cable Facade - Gold Ore
appliedenergistics2:facade:0, Cable Facade - Iron Ore
appliedenergistics2:facade:0, Cable Facade - Coal Ore
appliedenergistics2:facade:0, Cable Facade - Oak Wood
appliedenergistics2:facade:0, Cable Facade - Spruce Wood
appliedenergistics2:facade:0, Cable Facade - Birch Wood
appliedenergistics2:facade:0, Cable Facade - Jungle Wood
appliedenergistics2:facade:0, Cable Facade - Oak Leaves
appliedenergistics2:facade:0, Cable Facade - Spruce Leaves
appliedenergistics2:facade:0, Cable Facade - Birch Leaves
appliedenergistics2:facade:0, Cable Facade - Jungle Leaves
appliedenergistics2:facade:0, Cable Facade - Sponge
appliedenergistics2:facade:0, Cable Facade - Wet Sponge
appliedenergistics2:facade:0, Cable Facade - Glass
appliedenergistics2:facade:0, Cable Facade - Lapis Lazuli Ore
appliedenergistics2:facade:0, Cable Facade - Lapis Lazuli Block
appliedenergistics2:facade:0, Cable Facade - Sandstone
appliedenergistics2:facade:0, Cable Facade - Chiseled Sandstone
appliedenergistics2:facade:0, Cable Facade - Smooth Sandstone
appliedenergistics2:facade:0, Cable Facade - White Wool
appliedenergistics2:facade:0, Cable Facade - Orange Wool
appliedenergistics2:facade:0, Cable Facade - Magenta Wool
appliedenergistics2:facade:0, Cable Facade - Light Blue Wool
appliedenergistics2:facade:0, Cable Facade - Yellow Wool
appliedenergistics2:facade:0, Cable Facade - Lime Wool
appliedenergistics2:facade:0, Cable Facade - Pink Wool
appliedenergistics2:facade:0, Cable Facade - Gray Wool
appliedenergistics2:facade:0, Cable Facade - Light Gray Wool
appliedenergistics2:facade:0, Cable Facade - Cyan Wool
appliedenergistics2:facade:0, Cable Facade - Purple Wool
appliedenergistics2:facade:0, Cable Facade - Blue Wool
appliedenergistics2:facade:0, Cable Facade - Brown Wool
appliedenergistics2:facade:0, Cable Facade - Green Wool
appliedenergistics2:facade:0, Cable Facade - Red Wool
appliedenergistics2:facade:0, Cable Facade - Black Wool
appliedenergistics2:facade:0, Cable Facade - Block of Gold
appliedenergistics2:facade:0, Cable Facade - Block of Iron
appliedenergistics2:facade:0, Cable Facade - Bricks
appliedenergistics2:facade:0, Cable Facade - TNT
appliedenergistics2:facade:0, Cable Facade - Bookshelf
appliedenergistics2:facade:0, Cable Facade - Moss Stone
appliedenergistics2:facade:0, Cable Facade - Obsidian
appliedenergistics2:facade:0, Cable Facade - Diamond Ore
appliedenergistics2:facade:0, Cable Facade - Block of Diamond
appliedenergistics2:facade:0, Cable Facade - Crafting Table
appliedenergistics2:facade:0, Cable Facade - Redstone Ore
appliedenergistics2:facade:0, Cable Facade - Ice
appliedenergistics2:facade:0, Cable Facade - Snow
appliedenergistics2:facade:0, Cable Facade - Clay
appliedenergistics2:facade:0, Cable Facade - Pumpkin
appliedenergistics2:facade:0, Cable Facade - Netherrack
appliedenergistics2:facade:0, Cable Facade - Soul Sand
appliedenergistics2:facade:0, Cable Facade - Glowstone
appliedenergistics2:facade:0, Cable Facade - Jack o'Lantern
appliedenergistics2:facade:0, Cable Facade - White Stained Glass
appliedenergistics2:facade:0, Cable Facade - Orange Stained Glass
appliedenergistics2:facade:0, Cable Facade - Magenta Stained Glass
appliedenergistics2:facade:0, Cable Facade - Light Blue Stained Glass
appliedenergistics2:facade:0, Cable Facade - Yellow Stained Glass
appliedenergistics2:facade:0, Cable Facade - Lime Stained Glass
appliedenergistics2:facade:0, Cable Facade - Pink Stained Glass
appliedenergistics2:facade:0, Cable Facade - Gray Stained Glass
appliedenergistics2:facade:0, Cable Facade - Light Gray Stained Glass
appliedenergistics2:facade:0, Cable Facade - Cyan Stained Glass
appliedenergistics2:facade:0, Cable Facade - Purple Stained Glass
appliedenergistics2:facade:0, Cable Facade - Blue Stained Glass
appliedenergistics2:facade:0, Cable Facade - Brown Stained Glass
appliedenergistics2:facade:0, Cable Facade - Green Stained Glass
appliedenergistics2:facade:0, Cable Facade - Red Stained Glass
appliedenergistics2:facade:0, Cable Facade - Black Stained Glass
appliedenergistics2:facade:0, Cable Facade - Stone Monster Egg
appliedenergistics2:facade:0, Cable Facade - Cobblestone Monster Egg
appliedenergistics2:facade:0, Cable Facade - Stone Brick Monster Egg
appliedenergistics2:facade:0, Cable Facade - Mossy Stone Brick Monster Egg
appliedenergistics2:facade:0, Cable Facade - Cracked Stone Brick Monster Egg
appliedenergistics2:facade:0, Cable Facade - Chiseled Stone Brick Monster Egg
appliedenergistics2:facade:0, Cable Facade - Stone Bricks
appliedenergistics2:facade:0, Cable Facade - Mossy Stone Bricks
appliedenergistics2:facade:0, Cable Facade - Cracked Stone Bricks
appliedenergistics2:facade:0, Cable Facade - Chiseled Stone Bricks
appliedenergistics2:facade:0, Cable Facade - Mushroom
appliedenergistics2:facade:0, Cable Facade - Mushroom
appliedenergistics2:facade:0, Cable Facade - Melon
appliedenergistics2:facade:0, Cable Facade - Mycelium
appliedenergistics2:facade:0, Cable Facade - Nether Brick
appliedenergistics2:facade:0, Cable Facade - End Stone
appliedenergistics2:facade:0, Cable Facade - Redstone Lamp
appliedenergistics2:facade:0, Cable Facade - Emerald Ore
appliedenergistics2:facade:0, Cable Facade - Block of Emerald
appliedenergistics2:facade:0, Cable Facade - Block of Redstone
appliedenergistics2:facade:0, Cable Facade - Nether Quartz Ore
appliedenergistics2:facade:0, Cable Facade - Block of Quartz
appliedenergistics2:facade:0, Cable Facade - Chiseled Quartz Block
appliedenergistics2:facade:0, Cable Facade - Pillar Quartz Block
appliedenergistics2:facade:0, Cable Facade - White Terracotta
appliedenergistics2:facade:0, Cable Facade - Orange Terracotta
appliedenergistics2:facade:0, Cable Facade - Magenta Terracotta
appliedenergistics2:facade:0, Cable Facade - Light Blue Terracotta
appliedenergistics2:facade:0, Cable Facade - Yellow Terracotta
appliedenergistics2:facade:0, Cable Facade - Lime Terracotta
appliedenergistics2:facade:0, Cable Facade - Pink Terracotta
appliedenergistics2:facade:0, Cable Facade - Gray Terracotta
appliedenergistics2:facade:0, Cable Facade - Light Gray Terracotta
appliedenergistics2:facade:0, Cable Facade - Cyan Terracotta
appliedenergistics2:facade:0, Cable Facade - Purple Terracotta
appliedenergistics2:facade:0, Cable Facade - Blue Terracotta
appliedenergistics2:facade:0, Cable Facade - Brown Terracotta
appliedenergistics2:facade:0, Cable Facade - Green Terracotta
appliedenergistics2:facade:0, Cable Facade - Red Terracotta
appliedenergistics2:facade:0, Cable Facade - Black Terracotta
appliedenergistics2:facade:0, Cable Facade - Acacia Leaves
appliedenergistics2:facade:0, Cable Facade - Dark Oak Leaves
appliedenergistics2:facade:0, Cable Facade - Acacia Wood
appliedenergistics2:facade:0, Cable Facade - Dark Oak Wood
appliedenergistics2:facade:0, Cable Facade - Slime Block
appliedenergistics2:facade:0, Cable Facade - Prismarine
appliedenergistics2:facade:0, Cable Facade - Prismarine Bricks
appliedenergistics2:facade:0, Cable Facade - Dark Prismarine
appliedenergistics2:facade:0, Cable Facade - Sea Lantern
appliedenergistics2:facade:0, Cable Facade - Hay Bale
appliedenergistics2:facade:0, Cable Facade - Terracotta
appliedenergistics2:facade:0, Cable Facade - Block of Coal
appliedenergistics2:facade:0, Cable Facade - Packed Ice
appliedenergistics2:facade:0, Cable Facade - Red Sandstone
appliedenergistics2:facade:0, Cable Facade - Chiseled Red Sandstone
appliedenergistics2:facade:0, Cable Facade - Smooth Red Sandstone
appliedenergistics2:facade:0, Cable Facade - Purpur Block
appliedenergistics2:facade:0, Cable Facade - Purpur Pillar
appliedenergistics2:facade:0, Cable Facade - End Stone Bricks
appliedenergistics2:facade:0, Cable Facade - Magma Block
appliedenergistics2:facade:0, Cable Facade - Nether Wart Block
appliedenergistics2:facade:0, Cable Facade - Red Nether Brick
appliedenergistics2:facade:0, Cable Facade - Bone Block
appliedenergistics2:facade:0, Cable Facade - Observer
appliedenergistics2:facade:0, Cable Facade - White Glazed Terracotta
appliedenergistics2:facade:0, Cable Facade - Orange Glazed Terracotta
appliedenergistics2:facade:0, Cable Facade - Magenta Glazed Terracotta
appliedenergistics2:facade:0, Cable Facade - Light Blue Glazed Terracotta
appliedenergistics2:facade:0, Cable Facade - Yellow Glazed Terracotta
appliedenergistics2:facade:0, Cable Facade - Lime Glazed Terracotta
appliedenergistics2:facade:0, Cable Facade - Pink Glazed Terracotta
appliedenergistics2:facade:0, Cable Facade - Gray Glazed Terracotta
appliedenergistics2:facade:0, Cable Facade - Light Gray Glazed Terracotta
appliedenergistics2:facade:0, Cable Facade - Cyan Glazed Terracotta
appliedenergistics2:facade:0, Cable Facade - Purple Glazed Terracotta
appliedenergistics2:facade:0, Cable Facade - Blue Glazed Terracotta
appliedenergistics2:facade:0, Cable Facade - Brown Glazed Terracotta
appliedenergistics2:facade:0, Cable Facade - Green Glazed Terracotta
appliedenergistics2:facade:0, Cable Facade - Red Glazed Terracotta
appliedenergistics2:facade:0, Cable Facade - Black Glazed Terracotta
appliedenergistics2:facade:0, Cable Facade - White Concrete
appliedenergistics2:facade:0, Cable Facade - Orange Concrete
appliedenergistics2:facade:0, Cable Facade - Magenta Concrete
appliedenergistics2:facade:0, Cable Facade - Light Blue Concrete
appliedenergistics2:facade:0, Cable Facade - Yellow Concrete
appliedenergistics2:facade:0, Cable Facade - Lime Concrete
appliedenergistics2:facade:0, Cable Facade - Pink Concrete
appliedenergistics2:facade:0, Cable Facade - Gray Concrete
appliedenergistics2:facade:0, Cable Facade - Light Gray Concrete
appliedenergistics2:facade:0, Cable Facade - Cyan Concrete
appliedenergistics2:facade:0, Cable Facade - Purple Concrete
appliedenergistics2:facade:0, Cable Facade - Blue Concrete
appliedenergistics2:facade:0, Cable Facade - Brown Concrete
appliedenergistics2:facade:0, Cable Facade - Green Concrete
appliedenergistics2:facade:0, Cable Facade - Red Concrete
appliedenergistics2:facade:0, Cable Facade - Black Concrete
appliedenergistics2:facade:0, Cable Facade - White Concrete Powder
appliedenergistics2:facade:0, Cable Facade - Orange Concrete Powder
appliedenergistics2:facade:0, Cable Facade - Magenta Concrete Powder
appliedenergistics2:facade:0, Cable Facade - Light Blue Concrete Powder
appliedenergistics2:facade:0, Cable Facade - Yellow Concrete Powder
appliedenergistics2:facade:0, Cable Facade - Lime Concrete Powder
appliedenergistics2:facade:0, Cable Facade - Pink Concrete Powder
appliedenergistics2:facade:0, Cable Facade - Gray Concrete Powder
appliedenergistics2:facade:0, Cable Facade - Light Gray Concrete Powder
appliedenergistics2:facade:0, Cable Facade - Cyan Concrete Powder
appliedenergistics2:facade:0, Cable Facade - Purple Concrete Powder
appliedenergistics2:facade:0, Cable Facade - Blue Concrete Powder
appliedenergistics2:facade:0, Cable Facade - Brown Concrete Powder
appliedenergistics2:facade:0, Cable Facade - Green Concrete Powder
appliedenergistics2:facade:0, Cable Facade - Red Concrete Powder
appliedenergistics2:facade:0, Cable Facade - Black Concrete Powder
appliedenergistics2:facade:0, Cable Facade - Certus Quartz Ore
appliedenergistics2:facade:0, Cable Facade - Certus Quartz Block
appliedenergistics2:facade:0, Cable Facade - Certus Quartz Pillar
appliedenergistics2:facade:0, Cable Facade - Chiseled Certus Quartz Block
appliedenergistics2:facade:0, Cable Facade - Quartz Glass
appliedenergistics2:facade:0, Cable Facade - Vibrant Quartz Glass
appliedenergistics2:facade:0, Cable Facade - Fluix Block
appliedenergistics2:facade:0, Cable Facade - Sky Stone
appliedenergistics2:facade:0, Cable Facade - Sky Stone Block
appliedenergistics2:facade:0, Cable Facade - Sky Stone Brick
appliedenergistics2:facade:0, Cable Facade - Sky Stone Small Brick
appliedenergistics2:facade:0, Cable Facade - Copper Ore
appliedenergistics2:facade:0, Cable Facade - Bauxite Ore
appliedenergistics2:facade:0, Cable Facade - Lead Ore
appliedenergistics2:facade:0, Cable Facade - Silver Ore
appliedenergistics2:facade:0, Cable Facade - Nickel Ore
appliedenergistics2:facade:0, Cable Facade - Uranium Ore
appliedenergistics2:facade:0, Cable Facade - Block of Copper
appliedenergistics2:facade:0, Cable Facade - Block of Aluminium
appliedenergistics2:facade:0, Cable Facade - Block of Lead
appliedenergistics2:facade:0, Cable Facade - Block of Silver
appliedenergistics2:facade:0, Cable Facade - Block of Nickel
appliedenergistics2:facade:0, Cable Facade - Block of Uranium
appliedenergistics2:facade:0, Cable Facade - Block of Constantan
appliedenergistics2:facade:0, Cable Facade - Block of Electrum
appliedenergistics2:facade:0, Cable Facade - Block of Steel
appliedenergistics2:facade:0, Cable Facade - Coke Brick
appliedenergistics2:facade:0, Cable Facade - Blast Brick
appliedenergistics2:facade:0, Cable Facade - Reinforced Blast Brick
appliedenergistics2:facade:0, Cable Facade - Block of Coal Coke
appliedenergistics2:facade:0, Cable Facade - Hempcrete
appliedenergistics2:facade:0, Cable Facade - Concrete
appliedenergistics2:facade:0, Cable Facade - Concrete Tile
appliedenergistics2:facade:0, Cable Facade - Leaded Concrete
appliedenergistics2:facade:0, Cable Facade - Insulating Glass
appliedenergistics2:facade:0, Cable Facade - Kiln Brick
appliedenergistics2:facade:0, Cable Facade - Treated Wood Planks
appliedenergistics2:facade:0, Cable Facade - Treated Wood Planks
appliedenergistics2:facade:0, Cable Facade - Treated Wood Planks
appliedenergistics2:facade:0, Cable Facade - Copper Sheetmetal
appliedenergistics2:facade:0, Cable Facade - Aluminium Sheetmetal
appliedenergistics2:facade:0, Cable Facade - Lead Sheetmetal
appliedenergistics2:facade:0, Cable Facade - Silver Sheetmetal
appliedenergistics2:facade:0, Cable Facade - Nickel Sheetmetal
appliedenergistics2:facade:0, Cable Facade - Uranium Sheetmetal
appliedenergistics2:facade:0, Cable Facade - Constantan Sheetmetal
appliedenergistics2:facade:0, Cable Facade - Electrum Sheetmetal
appliedenergistics2:facade:0, Cable Facade - Steel Sheetmetal
appliedenergistics2:facade:0, Cable Facade - Iron Sheetmetal
appliedenergistics2:facade:0, Cable Facade - Gold Sheetmetal
appliedenergistics2:facade:0, Cable Facade - Copper Coil Block
appliedenergistics2:facade:0, Cable Facade - Electrum Coil Block
appliedenergistics2:facade:0, Cable Facade - High-Voltage Coil Block
appliedenergistics2:facade:0, Cable Facade - Redstone Engineering Block
appliedenergistics2:facade:0, Cable Facade - Light Engineering Block
appliedenergistics2:facade:0, Cable Facade - Heavy Engineering Block
appliedenergistics2:facade:0, Cable Facade - Generator Block
appliedenergistics2:facade:0, Cable Facade - Radiator Block
appliedenergistics2:facade:0, Cable Facade - Asphalt Concrete
appliedenergistics2:facade:0, Cable Facade - Lift Receiver
appliedenergistics2:facade:0, Cable Facade - Redstone Notifier
appliedenergistics2:facade:0, Cable Facade - Native Copper Ore
appliedenergistics2:facade:0, Cable Facade - Nickel Ore
appliedenergistics2:facade:0, Cable Facade - Block of Copper
appliedenergistics2:facade:0, Cable Facade - Block of Nickel
appliedenergistics2:facade:0, Cable Facade - Cupronickel Alloy Block
appliedenergistics2:facade:0, Cable Facade - Block of Invar
appliedenergistics2:facade:0, Cable Facade - Sand Bricks
appliedenergistics2:facade:0, Cable Facade - Earthy Bricks
appliedenergistics2:facade:0, Cable Facade - Charred Bricks
appliedenergistics2:facade:0, Cable Facade - Ashen Bricks
appliedenergistics2:facade:0, Cable Facade - Brick Smokestack
appliedenergistics2:facade:0, Cable Facade - Sand Brick Smokestack
appliedenergistics2:facade:0, Cable Facade - Earthy Brick Smokestack
appliedenergistics2:facade:0, Cable Facade - Charred Brick Smokestack
appliedenergistics2:facade:0, Cable Facade - Ashen Brick Smokestack
appliedenergistics2:facade:0, Cable Facade - Stone Smokestack
appliedenergistics2:facade:0, Cable Facade - Stone Brick Smokestack
appliedenergistics2:facade:0, Cable Facade - Solid Iron Smokestack
appliedenergistics2:facade:0, Cable Facade - Sheet Metal Smokestack
appliedenergistics2:facade:0, Cable Facade - Patterned Sheet Metal
appliedenergistics2:facade:0, Cable Facade - Riveted Sheet Metal
appliedenergistics2:facade:0, Cable Facade - Smooth Sheet Metal
appliedenergistics2:facade:0, Cable Facade - Rusted Sheet Metal
appliedenergistics2:facade:0, Cable Facade - Sheet Metal Siding
appliedenergistics2:facade:0, Cable Facade - Caution Striped Sheet Metal
appliedenergistics2:crystal_seed:0, Certus Quartz Seed
appliedenergistics2:crystal_seed:600, Nether Quartz Seed
appliedenergistics2:crystal_seed:1200, Fluix Seed
appliedenergistics2:crystal_seed:0, Certus Quartz Seed
appliedenergistics2:crystal_seed:600, Nether Quartz Seed
appliedenergistics2:crystal_seed:1200, Fluix Seed
appliedenergistics2:crystal_seed:0, Certus Quartz Seed
appliedenergistics2:crystal_seed:600, Nether Quartz Seed
appliedenergistics2:crystal_seed:1200, Fluix Seed
appliedenergistics2:paint_ball:0, Paint Ball - White
appliedenergistics2:paint_ball:1, Paint Ball - Orange
appliedenergistics2:paint_ball:2, Paint Ball - Magenta
appliedenergistics2:paint_ball:3, Paint Ball - Light Blue
appliedenergistics2:paint_ball:4, Paint Ball - Yellow
appliedenergistics2:paint_ball:5, Paint Ball - Lime
appliedenergistics2:paint_ball:6, Paint Ball - Pink
appliedenergistics2:paint_ball:7, Paint Ball - Gray
appliedenergistics2:paint_ball:8, Paint Ball - Light Gray
appliedenergistics2:paint_ball:9, Paint Ball - Cyan
appliedenergistics2:paint_ball:10, Paint Ball - Purple
appliedenergistics2:paint_ball:11, Paint Ball - Blue
appliedenergistics2:paint_ball:12, Paint Ball - Brown
appliedenergistics2:paint_ball:13, Paint Ball - Green
appliedenergistics2:paint_ball:14, Paint Ball - Red
appliedenergistics2:paint_ball:15, Paint Ball - Black
appliedenergistics2:paint_ball:20, Paint Ball - Lumen White
appliedenergistics2:paint_ball:21, Paint Ball - Lumen Orange
appliedenergistics2:paint_ball:22, Paint Ball - Lumen Magenta
appliedenergistics2:paint_ball:23, Paint Ball - Lumen Light Blue
appliedenergistics2:paint_ball:24, Paint Ball - Lumen Yellow
appliedenergistics2:paint_ball:25, Paint Ball - Lumen Lime
appliedenergistics2:paint_ball:26, Paint Ball - Lumen Pink
appliedenergistics2:paint_ball:27, Paint Ball - Lumen Gray
appliedenergistics2:paint_ball:28, Paint Ball - Lumen Light Gray
appliedenergistics2:paint_ball:29, Paint Ball - Lumen Cyan
appliedenergistics2:paint_ball:30, Paint Ball - Lumen Purple
appliedenergistics2:paint_ball:31, Paint Ball - Lumen Blue
appliedenergistics2:paint_ball:32, Paint Ball - Lumen Brown
appliedenergistics2:paint_ball:33, Paint Ball - Lumen Green
appliedenergistics2:paint_ball:34, Paint Ball - Lumen Red
appliedenergistics2:paint_ball:35, Paint Ball - Lumen Black
appliedenergistics2:dummy_fluid_item, item.appliedenergistics2.dummy_fluid_item.name
appliedenergistics2:material:44, Annihilation Core
appliedenergistics2:material:23, Calculation Processor
appliedenergistics2:material:13, Inscriber Calculation Press
appliedenergistics2:material:16, Printed Calculation Circuit
appliedenergistics2:material:34, 128³ Spatial Component
appliedenergistics2:material:33, 16³ Spatial Component
appliedenergistics2:material:32, 2³ Spatial Component
appliedenergistics2:material:0, Certus Quartz Crystal
appliedenergistics2:material:1, Charged Certus Quartz Crystal
appliedenergistics2:material:2, Certus Quartz Dust
appliedenergistics2:material:46, Ender Dust
appliedenergistics2:material:24, Engineering Processor
appliedenergistics2:material:14, Inscriber Engineering Press
appliedenergistics2:material:17, Printed Engineering Circuit
appliedenergistics2:material:4, Flour
appliedenergistics2:material:7, Fluix Crystal
appliedenergistics2:material:8, Fluix Dust
appliedenergistics2:material:9, Fluix Pearl
appliedenergistics2:material:43, Formation Core
appliedenergistics2:material:51, Gold Dust
appliedenergistics2:material:49, Iron Dust
appliedenergistics2:material:22, Logic Processor
appliedenergistics2:material:15, Inscriber Logic Press
appliedenergistics2:material:18, Printed Logic Circuit
appliedenergistics2:material:6, Matter Ball
appliedenergistics2:material:21, Inscriber Name Press
appliedenergistics2:material:3, Nether Quartz Dust
appliedenergistics2:material:10, Pure Certus Quartz Crystal
appliedenergistics2:material:12, Pure Fluix Crystal
appliedenergistics2:material:11, Pure Nether Quartz Crystal
appliedenergistics2:material:48, Quantum Entangled Singularity
appliedenergistics2:material:5, Silicon
appliedenergistics2:material:19, Inscriber Silicon Press
appliedenergistics2:material:20, Printed Silicon
appliedenergistics2:material:47, Singularity
appliedenergistics2:material:45, Sky Stone Dust
appliedenergistics2:material:41, Wireless Receiver
appliedenergistics2:material:42, Wireless Booster
appliedenergistics2:part:120, Cable Anchor
appliedenergistics2:part:20, ME Covered Cable - White
appliedenergistics2:part:21, ME Covered Cable - Orange
appliedenergistics2:part:22, ME Covered Cable - Magenta
appliedenergistics2:part:23, ME Covered Cable - Light Blue
appliedenergistics2:part:24, ME Covered Cable - Yellow
appliedenergistics2:part:25, ME Covered Cable - Lime
appliedenergistics2:part:26, ME Covered Cable - Pink
appliedenergistics2:part:27, ME Covered Cable - Gray
appliedenergistics2:part:28, ME Covered Cable - Light Gray
appliedenergistics2:part:29, ME Covered Cable - Cyan
appliedenergistics2:part:30, ME Covered Cable - Purple
appliedenergistics2:part:31, ME Covered Cable - Blue
appliedenergistics2:part:32, ME Covered Cable - Brown
appliedenergistics2:part:33, ME Covered Cable - Green
appliedenergistics2:part:34, ME Covered Cable - Red
appliedenergistics2:part:35, ME Covered Cable - Black
appliedenergistics2:part:36, ME Covered Cable - Fluix
appliedenergistics2:part:500, ME Dense Covered Cable - White
appliedenergistics2:part:501, ME Dense Covered Cable - Orange
appliedenergistics2:part:502, ME Dense Covered Cable - Magenta
appliedenergistics2:part:503, ME Dense Covered Cable - Light Blue
appliedenergistics2:part:504, ME Dense Covered Cable - Yellow
appliedenergistics2:part:505, ME Dense Covered Cable - Lime
appliedenergistics2:part:506, ME Dense Covered Cable - Pink
appliedenergistics2:part:507, ME Dense Covered Cable - Gray
appliedenergistics2:part:508, ME Dense Covered Cable - Light Gray
appliedenergistics2:part:509, ME Dense Covered Cable - Cyan
appliedenergistics2:part:510, ME Dense Covered Cable - Purple
appliedenergistics2:part:511, ME Dense Covered Cable - Blue
appliedenergistics2:part:512, ME Dense Covered Cable - Brown
appliedenergistics2:part:513, ME Dense Covered Cable - Green
appliedenergistics2:part:514, ME Dense Covered Cable - Red
appliedenergistics2:part:515, ME Dense Covered Cable - Black
appliedenergistics2:part:516, ME Dense Covered Cable - Fluix
appliedenergistics2:part:60, ME Dense Smart Cable - White
appliedenergistics2:part:61, ME Dense Smart Cable - Orange
appliedenergistics2:part:62, ME Dense Smart Cable - Magenta
appliedenergistics2:part:63, ME Dense Smart Cable - Light Blue
appliedenergistics2:part:64, ME Dense Smart Cable - Yellow
appliedenergistics2:part:65, ME Dense Smart Cable - Lime
appliedenergistics2:part:66, ME Dense Smart Cable - Pink
appliedenergistics2:part:67, ME Dense Smart Cable - Gray
appliedenergistics2:part:68, ME Dense Smart Cable - Light Gray
appliedenergistics2:part:69, ME Dense Smart Cable - Cyan
appliedenergistics2:part:70, ME Dense Smart Cable - Purple
appliedenergistics2:part:71, ME Dense Smart Cable - Blue
appliedenergistics2:part:72, ME Dense Smart Cable - Brown
appliedenergistics2:part:73, ME Dense Smart Cable - Green
appliedenergistics2:part:74, ME Dense Smart Cable - Red
appliedenergistics2:part:75, ME Dense Smart Cable - Black
appliedenergistics2:part:76, ME Dense Smart Cable - Fluix
appliedenergistics2:part:0, ME Glass Cable - White
appliedenergistics2:part:1, ME Glass Cable - Orange
appliedenergistics2:part:2, ME Glass Cable - Magenta
appliedenergistics2:part:3, ME Glass Cable - Light Blue
appliedenergistics2:part:4, ME Glass Cable - Yellow
appliedenergistics2:part:5, ME Glass Cable - Lime
appliedenergistics2:part:6, ME Glass Cable - Pink
appliedenergistics2:part:7, ME Glass Cable - Gray
appliedenergistics2:part:8, ME Glass Cable - Light Gray
appliedenergistics2:part:9, ME Glass Cable - Cyan
appliedenergistics2:part:10, ME Glass Cable - Purple
appliedenergistics2:part:11, ME Glass Cable - Blue
appliedenergistics2:part:12, ME Glass Cable - Brown
appliedenergistics2:part:13, ME Glass Cable - Green
appliedenergistics2:part:14, ME Glass Cable - Red
appliedenergistics2:part:15, ME Glass Cable - Black
appliedenergistics2:part:16, ME Glass Cable - Fluix
appliedenergistics2:part:40, ME Smart Cable - White
appliedenergistics2:part:41, ME Smart Cable - Orange
appliedenergistics2:part:42, ME Smart Cable - Magenta
appliedenergistics2:part:43, ME Smart Cable - Light Blue
appliedenergistics2:part:44, ME Smart Cable - Yellow
appliedenergistics2:part:45, ME Smart Cable - Lime
appliedenergistics2:part:46, ME Smart Cable - Pink
appliedenergistics2:part:47, ME Smart Cable - Gray
appliedenergistics2:part:48, ME Smart Cable - Light Gray
appliedenergistics2:part:49, ME Smart Cable - Cyan
appliedenergistics2:part:50, ME Smart Cable - Purple
appliedenergistics2:part:51, ME Smart Cable - Blue
appliedenergistics2:part:52, ME Smart Cable - Brown
appliedenergistics2:part:53, ME Smart Cable - Green
appliedenergistics2:part:54, ME Smart Cable - Red
appliedenergistics2:part:55, ME Smart Cable - Black
appliedenergistics2:part:56, ME Smart Cable - Fluix
appliedenergistics2:part:420, ME Conversion Monitor
appliedenergistics2:part:360, ME Crafting Terminal
appliedenergistics2:part:200, Dark Illuminated Panel
appliedenergistics2:part:321, ME Fluid Formation Plane
appliedenergistics2:part:281, ME Fluid Level Emitter
appliedenergistics2:part:221, ME Fluid Storage Bus
appliedenergistics2:part:520, ME Fluid Terminal
appliedenergistics2:part:100, ME Inverted Toggle Bus
appliedenergistics2:part:280, ME Level Emitter
appliedenergistics2:part:160, Bright Illuminated Panel
appliedenergistics2:part:460, P2P Tunnel - ME
appliedenergistics2:part:140, Quartz Fiber
appliedenergistics2:part:180, Illuminated Panel
appliedenergistics2:part:220, ME Storage Bus
appliedenergistics2:part:400, ME Storage Monitor
appliedenergistics2:part:380, ME Terminal
appliedenergistics2:part:80, ME Toggle Bus
cgm:workbench, Workbench
cgm:handgun, Pistol
cgm:shotgun, Shotgun
cgm:rifle, Rifle
cgm:grenade_launcher, Grenade Launcher
cgm:bazooka, Bazooka
cgm:chain_gun, Minigun
cgm:assault_rifle, Assault Rifle
cgm:machine_pistol, Machine Pistol
cgm:basic_ammo, Basic Ammo
cgm:advanced_ammo, Advanced Ammo
cgm:shell, Shell
cgm:missile, Missile
cgm:grenade, Grenade
cgm:stun_grenade, Stun Grenade
cgm:part:0, item.cgm.part_chain_gun_base.name
cgm:scope:0, Scope (Short)
cgm:scope:1, Scope (Medium)
cgm:scope:2, Scope (Long)
cgm:silencer, Silencer
immersiveengineering:ore:0, Copper Ore
immersiveengineering:ore:1, Bauxite Ore
immersiveengineering:ore:2, Lead Ore
immersiveengineering:ore:3, Silver Ore
immersiveengineering:ore:4, Nickel Ore
immersiveengineering:ore:5, Uranium Ore
immersiveengineering:storage:0, Block of Copper
immersiveengineering:storage:1, Block of Aluminium
immersiveengineering:storage:2, Block of Lead
immersiveengineering:storage:3, Block of Silver
immersiveengineering:storage:4, Block of Nickel
immersiveengineering:storage:5, Block of Uranium
immersiveengineering:storage:6, Block of Constantan
immersiveengineering:storage:7, Block of Electrum
immersiveengineering:storage:8, Block of Steel
immersiveengineering:storage_slab:0, Copper Slab
immersiveengineering:storage_slab:1, Aluminium Slab
immersiveengineering:storage_slab:2, Lead Slab
immersiveengineering:storage_slab:3, Silver Slab
immersiveengineering:storage_slab:4, Nickel Slab
immersiveengineering:storage_slab:5, Uranium Slab
immersiveengineering:storage_slab:6, Constantan Slab
immersiveengineering:storage_slab:7, Electrum Slab
immersiveengineering:storage_slab:8, Steel Slab
immersiveengineering:stone_decoration:0, Coke Brick
immersiveengineering:stone_decoration:1, Blast Brick
immersiveengineering:stone_decoration:2, Reinforced Blast Brick
immersiveengineering:stone_decoration:3, Block of Coal Coke
immersiveengineering:stone_decoration:4, Hempcrete
immersiveengineering:stone_decoration:5, Concrete
immersiveengineering:stone_decoration:6, Concrete Tile
immersiveengineering:stone_decoration:7, Leaded Concrete
immersiveengineering:stone_decoration:8, Insulating Glass
immersiveengineering:stone_decoration:10, Kiln Brick
immersiveengineering:stone_decoration_slab:0, Coke Brick Slab
immersiveengineering:stone_decoration_slab:1, Blast Brick Slab
immersiveengineering:stone_decoration_slab:2, Reinforced Blast Brick Slab
immersiveengineering:stone_decoration_slab:4, Hempcrete Slab
immersiveengineering:stone_decoration_slab:5, Concrete Slab
immersiveengineering:stone_decoration_slab:6, Concrete Tile Slab
immersiveengineering:stone_decoration_slab:7, Leaded Concrete Slab
immersiveengineering:stone_decoration_slab:10, Kiln Brick Slab
immersiveengineering:stone_decoration_stairs_hempcrete, Hempcrete Stairs
immersiveengineering:stone_decoration_stairs_concrete, Concrete Stairs
immersiveengineering:stone_decoration_stairs_concrete_tile, Concrete Tile Stairs
immersiveengineering:stone_decoration_stairs_concrete_leaded, Leaded Concrete Stairs
immersiveengineering:stone_device:3, Concrete Sheet
immersiveengineering:stone_device:4, Concrete Panel
immersiveengineering:stone_device:5, Concrete Chunk
immersiveengineering:treated_wood:0, Treated Wood Planks
immersiveengineering:treated_wood:1, Treated Wood Planks
immersiveengineering:treated_wood:2, Treated Wood Planks
immersiveengineering:treated_wood_slab:0, Treated Wood Slab
immersiveengineering:treated_wood_slab:1, Treated Wood Slab
immersiveengineering:treated_wood_slab:2, Treated Wood Slab
immersiveengineering:treated_wood_stairs0, Treated Wood Stairs
immersiveengineering:treated_wood_stairs1, Treated Wood Stairs
immersiveengineering:treated_wood_stairs2, Treated Wood Stairs
immersiveengineering:wooden_decoration:0, Treated Wood Fence
immersiveengineering:wooden_decoration:1, Treated Wood Scaffolding
immersiveengineering:wooden_device0:0, Wooden Storage Crate
immersiveengineering:wooden_device0:1, Wooden Barrel
immersiveengineering:wooden_device0:2, Engineer's Workbench
immersiveengineering:wooden_device0:3, Item Router
immersiveengineering:wooden_device0:4, Gunpowder Barrel
immersiveengineering:wooden_device0:5, Reinforced Storage Crate
immersiveengineering:wooden_device0:6, Turntable
immersiveengineering:wooden_device0:7, Fluid Router
immersiveengineering:wooden_device1:0, Water Wheel
immersiveengineering:wooden_device1:1, Windmill
immersiveengineering:wooden_device1:3, Wooden Post
immersiveengineering:wooden_device1:4, Wooden Wallmount
immersiveengineering:hemp, Industrial Hemp
immersiveengineering:cloth_device:0, Jump Cushion
immersiveengineering:cloth_device:1, Balloon
immersiveengineering:cloth_device:2, Strip Curtain
immersiveengineering:fake_light, tile.immersiveengineering.fake_light.name
immersiveengineering:sheetmetal:0, Copper Sheetmetal
immersiveengineering:sheetmetal:1, Aluminium Sheetmetal
immersiveengineering:sheetmetal:2, Lead Sheetmetal
immersiveengineering:sheetmetal:3, Silver Sheetmetal
immersiveengineering:sheetmetal:4, Nickel Sheetmetal
immersiveengineering:sheetmetal:5, Uranium Sheetmetal
immersiveengineering:sheetmetal:6, Constantan Sheetmetal
immersiveengineering:sheetmetal:7, Electrum Sheetmetal
immersiveengineering:sheetmetal:8, Steel Sheetmetal
immersiveengineering:sheetmetal:9, Iron Sheetmetal
immersiveengineering:sheetmetal:10, Gold Sheetmetal
immersiveengineering:sheetmetal_slab:0, Copper Sheetmetal Slab
immersiveengineering:sheetmetal_slab:1, Aluminium Sheetmetal Slab
immersiveengineering:sheetmetal_slab:2, Lead Sheetmetal Slab
immersiveengineering:sheetmetal_slab:3, Silver Sheetmetal Slab
immersiveengineering:sheetmetal_slab:4, Nickel Sheetmetal Slab
immersiveengineering:sheetmetal_slab:5, Uranium Sheetmetal Slab
immersiveengineering:sheetmetal_slab:6, Constantan Sheetmetal Slab
immersiveengineering:sheetmetal_slab:7, Electrum Sheetmetal Slab
immersiveengineering:sheetmetal_slab:8, Steel Sheetmetal Slab
immersiveengineering:sheetmetal_slab:9, Iron Sheetmetal Slab
immersiveengineering:sheetmetal_slab:10, Gold Sheetmetal Slab
immersiveengineering:metal_decoration0:0, Copper Coil Block
immersiveengineering:metal_decoration0:1, Electrum Coil Block
immersiveengineering:metal_decoration0:2, High-Voltage Coil Block
immersiveengineering:metal_decoration0:3, Redstone Engineering Block
immersiveengineering:metal_decoration0:4, Light Engineering Block
immersiveengineering:metal_decoration0:5, Heavy Engineering Block
immersiveengineering:metal_decoration0:6, Generator Block
immersiveengineering:metal_decoration0:7, Radiator Block
immersiveengineering:metal_decoration1:0, Steel Fence
immersiveengineering:metal_decoration1:1, Steel Scaffolding
immersiveengineering:metal_decoration1:2, Steel Scaffolding
immersiveengineering:metal_decoration1:3, Steel Scaffolding
immersiveengineering:metal_decoration1:4, Aluminium Fence
immersiveengineering:metal_decoration1:5, Aluminium Scaffolding
immersiveengineering:metal_decoration1:6, Aluminium Scaffolding
immersiveengineering:metal_decoration1:7, Aluminium Scaffolding
immersiveengineering:metal_decoration2:0, Steel Post
immersiveengineering:metal_decoration2:1, Steel Wallmount
immersiveengineering:metal_decoration2:2, Aluminium Post
immersiveengineering:metal_decoration2:3, Aluminium Wallmount
immersiveengineering:metal_decoration2:4, Lantern
immersiveengineering:metal_decoration2:5, Razor Wire
immersiveengineering:metal_decoration2:7, Steel Structural Arm
immersiveengineering:metal_decoration2:8, Aluminium Structural Arm
immersiveengineering:metal_decoration1_slab:1, Steel Scaffolding Slab
immersiveengineering:metal_decoration1_slab:2, Steel Scaffolding Slab
immersiveengineering:metal_decoration1_slab:3, Steel Scaffolding Slab
immersiveengineering:metal_decoration1_slab:5, Aluminium Scaffolding Slab
immersiveengineering:metal_decoration1_slab:6, Aluminium Scaffolding Slab
immersiveengineering:metal_decoration1_slab:7, Aluminium Scaffolding Slab
immersiveengineering:steel_scaffolding_stairs0, Steel Scaffolding Stairs
immersiveengineering:steel_scaffolding_stairs1, Steel Scaffolding Stairs
immersiveengineering:steel_scaffolding_stairs2, Steel Scaffolding Stairs
immersiveengineering:aluminum_scaffolding_stairs0, Aluminium Scaffolding Stairs
immersiveengineering:aluminum_scaffolding_stairs1, Aluminium Scaffolding Stairs
immersiveengineering:aluminum_scaffolding_stairs2, Aluminium Scaffolding Stairs
immersiveengineering:metal_ladder:0, Metal Ladder
immersiveengineering:metal_ladder:1, Scaffold Covered Ladder
immersiveengineering:metal_ladder:2, Scaffold Covered Ladder
immersiveengineering:connector:0, LV Wire Connector
immersiveengineering:connector:1, LV Wire Relay
immersiveengineering:connector:2, MV Wire Connector
immersiveengineering:connector:3, MV Wire Relay
immersiveengineering:connector:4, HV Wire Connector
immersiveengineering:connector:5, HV Wire Relay
immersiveengineering:connector:6, Structural Cable Connector
immersiveengineering:connector:7, Transformer
immersiveengineering:connector:8, HV Transformer
immersiveengineering:connector:9, Breaker Switch
immersiveengineering:connector:10, Redstone Breaker
immersiveengineering:connector:11, Current Transformer
immersiveengineering:connector:12, Redstone Wire Connector
immersiveengineering:connector:13, Redstone Probe Connector
immersiveengineering:metal_device0:0, LV Capacitor
immersiveengineering:metal_device0:1, MV Capacitor
immersiveengineering:metal_device0:2, HV Capacitor
immersiveengineering:metal_device0:3, Creative Capacitor
immersiveengineering:metal_device0:4, Metal Barrel
immersiveengineering:metal_device0:5, Fluid Pump
immersiveengineering:metal_device0:6, Fluid Outlet
immersiveengineering:metal_device1:0, Blast Furnace Preheater
immersiveengineering:metal_device1:1, External Heater
immersiveengineering:metal_device1:2, Kinetic Dynamo
immersiveengineering:metal_device1:3, Thermoelectric Generator
immersiveengineering:metal_device1:4, Powered Lantern
immersiveengineering:metal_device1:5, Charging Station
immersiveengineering:metal_device1:6, Fluid Pipe
immersiveengineering:metal_device1:7, Core Sample Drill
immersiveengineering:metal_device1:8, Tesla Coil
immersiveengineering:metal_device1:9, Floodlight
immersiveengineering:metal_device1:10, Chemthrower Turret
immersiveengineering:metal_device1:11, Gun Turret
immersiveengineering:metal_device1:13, Garden Cloche
immersiveengineering:conveyor, tile.immersiveengineering.conveyor.name
immersiveengineering:material:0, Treated Stick
immersiveengineering:material:1, Iron Rod
immersiveengineering:material:2, Steel Rod
immersiveengineering:material:3, Aluminium Rod
immersiveengineering:material:4, Industrial Hemp Fiber
immersiveengineering:material:5, Tough Fabric
immersiveengineering:material:6, Coal Coke
immersiveengineering:material:7, Slag
immersiveengineering:material:8, Iron Mechanical Component
immersiveengineering:material:9, Steel Mechanical Component
immersiveengineering:material:10, Waterwheel Segment
immersiveengineering:material:11, Windmill Blade
immersiveengineering:material:12, Windmill Sail
immersiveengineering:material:13, Wooden Grip
immersiveengineering:material:14, Revolver Barrel
immersiveengineering:material:15, Revolver Drum
immersiveengineering:material:16, Revolver Hammer
immersiveengineering:material:17, Coke Dust
immersiveengineering:material:18, HOP Graphite Dust
immersiveengineering:material:19, HOP Graphite Ingot
immersiveengineering:material:20, Copper Wire
immersiveengineering:material:21, Electrum Wire
immersiveengineering:material:22, Aluminium Wire
immersiveengineering:material:23, Steel Wire
immersiveengineering:material:24, Nitrate Dust
immersiveengineering:material:25, Sulfur Dust
immersiveengineering:material:26, Vacuum Tube
immersiveengineering:material:27, Circuit Board
immersiveengineering:metal:0, Copper Ingot
immersiveengineering:metal:1, Aluminium Ingot
immersiveengineering:metal:2, Lead Ingot
immersiveengineering:metal:3, Silver Ingot
immersiveengineering:metal:4, Nickel Ingot
immersiveengineering:metal:5, Uranium Ingot
immersiveengineering:metal:6, Constantan Ingot
immersiveengineering:metal:7, Electrum Ingot
immersiveengineering:metal:8, Steel Ingot
immersiveengineering:metal:9, Copper Grit
immersiveengineering:metal:10, Aluminium Grit
immersiveengineering:metal:11, Lead Grit
immersiveengineering:metal:12, Silver Grit
immersiveengineering:metal:13, Nickel Grit
immersiveengineering:metal:14, Uranium Grit
immersiveengineering:metal:15, Constantan Grit
immersiveengineering:metal:16, Electrum Grit
immersiveengineering:metal:17, Steel Grit
immersiveengineering:metal:18, Iron Grit
immersiveengineering:metal:19, Gold Grit
immersiveengineering:metal:20, Copper Nugget
immersiveengineering:metal:21, Aluminium Nugget
immersiveengineering:metal:22, Lead Nugget
immersiveengineering:metal:23, Silver Nugget
immersiveengineering:metal:24, Nickel Nugget
immersiveengineering:metal:25, Uranium Nugget
immersiveengineering:metal:26, Constantan Nugget
immersiveengineering:metal:27, Electrum Nugget
immersiveengineering:metal:28, Steel Nugget
immersiveengineering:metal:29, Iron Nugget
immersiveengineering:metal:30, Copper Plate
immersiveengineering:metal:31, Aluminium Plate
immersiveengineering:metal:32, Lead Plate
immersiveengineering:metal:33, Silver Plate
immersiveengineering:metal:34, Nickel Plate
immersiveengineering:metal:35, Uranium Plate
immersiveengineering:metal:36, Constantan Plate
immersiveengineering:metal:37, Electrum Plate
immersiveengineering:metal:38, Steel Plate
immersiveengineering:metal:39, Iron Plate
immersiveengineering:metal:40, Gold Plate
immersiveengineering:tool:0, Engineer's Hammer
immersiveengineering:tool:1, Engineer's Wire Cutters
immersiveengineering:tool:2, Engineer's Voltmeter
immersiveengineering:tool:3, Engineer's Manual
immersiveengineering:pickaxe_steel, Steel Pickaxe
immersiveengineering:shovel_steel, Steel Shovel
immersiveengineering:axe_steel, Steel Axe
immersiveengineering:sword_steel, Steel Sword
immersiveengineering:toolbox, Engineer's Toolbox
immersiveengineering:wirecoil:0, LV Wire Coil
immersiveengineering:wirecoil:1, MV Wire Coil
immersiveengineering:wirecoil:2, HV Wire Coil
immersiveengineering:wirecoil:3, Hemp Rope Coil
immersiveengineering:wirecoil:4, Steel Cable Coil
immersiveengineering:wirecoil:5, Redstone Wire Coil
immersiveengineering:wirecoil:6, Insulated LV Wire Coil
immersiveengineering:wirecoil:7, Insulated MV Wire Coil
immersiveengineering:seed:0, Industrial Hemp Seeds
immersiveengineering:drill:0, Mining Drill
immersiveengineering:drillhead:0, Steel Drill Head
immersiveengineering:drillhead:1, Iron Drill Head
immersiveengineering:jerrycan, Jerrycan
immersiveengineering:mold:0, Metal Press Mold: Plate
immersiveengineering:mold:1, Metal Press Mold: Gear
immersiveengineering:mold:2, Metal Press Mold: Rod
immersiveengineering:mold:3, Metal Press Mold: Bullet Casing
immersiveengineering:mold:4, Metal Press Mold: Wire
immersiveengineering:mold:5, Metal Press Mold: Packing 2x2
immersiveengineering:mold:6, Metal Press Mold: Packing 3x3
immersiveengineering:mold:7, Metal Press Mold: Unpacking
immersiveengineering:blueprint, Engineer's Blueprint
immersiveengineering:revolver, Revolver
immersiveengineering:speedloader, Revolver Speedloader
immersiveengineering:bullet:0, Empty Casing
immersiveengineering:bullet:1, Empty Shell
immersiveengineering:bullet:2, Casull Cartridge
immersiveengineering:bullet:2, Armor-Piercing Cartridge
immersiveengineering:bullet:2, Buckshot Cartridge
immersiveengineering:bullet:2, High-Explosive Cartridge
immersiveengineering:bullet:2, Silver Cartridge
immersiveengineering:bullet:2, Dragon's Breath Cartridge
immersiveengineering:bullet:2, Phial Cartridge
immersiveengineering:bullet:2, Flare Cartridge
immersiveengineering:chemthrower, Chemical Thrower
immersiveengineering:railgun, Railgun
immersiveengineering:skyhook, Engineer's Skyhook
immersiveengineering:toolupgrade:0, Pressurized Air Tank
immersiveengineering:toolupgrade:1, Advanced Lubrication System
immersiveengineering:toolupgrade:2, Additional Augers
immersiveengineering:toolupgrade:3, Large Tank
immersiveengineering:toolupgrade:4, Bayonet
immersiveengineering:toolupgrade:5, Extended Magazine
immersiveengineering:toolupgrade:6, Amplifier Electron Tubes
immersiveengineering:toolupgrade:7, Focused Nozzle
immersiveengineering:toolupgrade:8, Precision Scope
immersiveengineering:toolupgrade:9, Additional Capacitors
immersiveengineering:toolupgrade:10, Flashbulb
immersiveengineering:toolupgrade:11, Shock Emitters
immersiveengineering:toolupgrade:12, Magnetic Glove
immersiveengineering:toolupgrade:13, Multitank
immersiveengineering:shader, Shader
immersiveengineering:shader_bag, Shader Grabbag
immersiveengineering:earmuffs, Ear Defenders
immersiveengineering:coresample, Core Sample
immersiveengineering:graphite_electrode, Graphite Electrode
immersiveengineering:faraday_suit_feet, Faraday Boots
immersiveengineering:faraday_suit_legs, Faraday Leggings
immersiveengineering:faraday_suit_chest, Faraday Chestplate
immersiveengineering:faraday_suit_head, Faraday Helmet
immersiveengineering:fluorescent_tube, Fluorescent Tube
immersiveengineering:powerpack, Capacitor Backpack
immersiveengineering:shield, Heavy Plated Shield
immersiveengineering:maintenance_kit, Maintenance Kit
immersiveengineering:steel_armor_feet, Steel Boots
immersiveengineering:steel_armor_legs, Steel Leggings
immersiveengineering:steel_armor_chest, Steel Chestplate
immersiveengineering:steel_armor_head, Steel Helmet
immersivepetroleum:metal_device:0, Automatic Lubricator
immersivepetroleum:metal_device:1, Portable Generator
immersivepetroleum:stone_decoration, tile.immersivepetroleum.stone_decoration.name
immersivepetroleum:material:0, Bitumen
immersivepetroleum:schematic, %s Projector
immersivepetroleum:speedboat, Motorboat
immersivepetroleum:upgrades:0, Reinforced Hull
immersivepetroleum:upgrades:1, Icebreaker Bow
immersivepetroleum:upgrades:2, Expanded Fuel Tank
immersivepetroleum:upgrades:3, Maneuvering Rudders
immersivepetroleum:upgrades:4, Emergency Paddles
immersivepetroleum:oil_can, Lubricant Can
base:wrench, Wrench
contenttweaker:comp_14, item.contenttweaker.comp_14.name
contenttweaker:comp_13, item.contenttweaker.comp_13.name
contenttweaker:comp_9, item.contenttweaker.comp_9.name
contenttweaker:comp_12, item.contenttweaker.comp_12.name
contenttweaker:comp_8, item.contenttweaker.comp_8.name
contenttweaker:comp_11, item.contenttweaker.comp_11.name
contenttweaker:comp_3, item.contenttweaker.comp_3.name
contenttweaker:comp_2, item.contenttweaker.comp_2.name
contenttweaker:comp_1, item.contenttweaker.comp_1.name
contenttweaker:comp_0, item.contenttweaker.comp_0.name
contenttweaker:comp_7, item.contenttweaker.comp_7.name
contenttweaker:comp_6, item.contenttweaker.comp_6.name
contenttweaker:comp_5, item.contenttweaker.comp_5.name
contenttweaker:comp_4, item.contenttweaker.comp_4.name
contenttweaker:comp_10, item.contenttweaker.comp_10.name
customnpcs:npcwand, Npc Wand
customnpcs:npcmobcloner, Mob Cloner
customnpcs:npcscripter, Scripter
customnpcs:npcmovingpath, Npc Pather
customnpcs:npcmounter, Mounter
customnpcs:npcteleporter, Teleporter
customnpcs:npcscripteddoortool, Scripted Door
customnpcs:npcsoulstoneempty, Soulstone Empty
customnpcs:npcsoulstonefilled, Soulstone Filled
customnpcs:scripted_item:0, Scripted Item
customnpcs:nbt_book, item.nbt_book.name
customnpcs:npcredstoneblock, Redstone Block
customnpcs:npccarpentybench, Carpentry Bench
customnpcs:npcmailbox:0, Mailbox
customnpcs:npcmailbox:1, Mailbox
customnpcs:npcmailbox:2, Mailbox
customnpcs:npcwaypoint, Location Quest Block
customnpcs:npcborder, Border
customnpcs:npcscripted, Scripted Block
customnpcs:npcscripteddoor, tile.npcscripteddoor.name
customnpcs:npcbuilderblock, Builder Block
customnpcs:npccopyblock, Copy Block
factorytech:stackmover, Stack Mover
factorytech:filtermover, Filtered Stack Mover
factorytech:bulkmover, Bulk Stack Mover
factorytech:autopuller, Auto Ejector
factorytech:itempusher, Pulse Piston
factorytech:sequenceplacer, Sequential Placer
factorytech:watercollector, Water Collector
factorytech:crate, Crate
factorytech:conveyor, Transport Rollers
factorytech:buffercrate, Buffer Crate
factorytech:elevator, Fan Lift
factorytech:bottomhatch, Lift Receiver
factorytech:hatch, Insertion Hatch
factorytech:rednotifier, Redstone Notifier
factorytech:blockbreaker, Mounted Drill
factorytech:inventorysensor, Inventory Sensor
factorytech:interceptor, Item Drop Interceptor
factorytech:realelevator, Elevator
factorytech:pulser, Redstone Pulser
factorytech:pulsecounter, Pulse Counter
factorytech:planeshifter, Dimensional Shifter
factorytech:batterygen, Electric Dynamo
factorytech:coregen, Core Conversion Dynamo
factorytech:mobfan, Mob Fan
factorytech:compacthopper, Compact Hopper
factorytech:oredrill, Drill Grinder
factorytech:metalcutter, Metal Cutting Machine
factorytech:autocrafter, Autocrafting Unit
factorytech:circuitscribe, Circuit Scribe
factorytech:saw, Chop Saw
factorytech:pipe, Pipe
factorytech:valve, Pipe Valve
factorytech:itemredis, Item Redistributor
factorytech:tankblock, Stationary Tank
factorytech:crucible, Crucible
factorytech:compressor, Compression Chamber
factorytech:fluidpuller, Extraction Pump
factorytech:grindstone, Grindstone
factorytech:centrifuge, Centrifuge
factorytech:magcent, Magnetic Centrifuge
factorytech:fluiddrill, Fluid Extraction Drill
factorytech:agitator, Fluid Agitator
factorytech:fridge, Refrigeration Unit
factorytech:sluice, River Grate
factorytech:autominer, Mining Machine
factorytech:woodcutter, Woodcutter
factorytech:iondisperser, Negative Ion Disperser
factorytech:teslacoil, Tesla Coil
factorytech:electroplater, Industrial Electroplater
factorytech:charger, Core Charger
factorytech:temperer, Tempering Oven
factorytech:stabilizer, Stabilization Table
factorytech:magnetizer, Magnetizer
factorytech:energizer, Universal Supercharger
factorytech:magnetblock, Stationary Magnet
factorytech:spawner, Biosynthesis Unit
factorytech:disassembler, Mob Disassembler
factorytech:potionmixer, Potion Mixer
factorytech:htfurnace, Electric Furnace
factorytech:propfurnace, Propane Furnace
factorytech:disruptor, Mob Disruptor
factorytech:deepdrill, Terraneous Extractor
factorytech:planter, Seed Disperser
factorytech:reclaimer, Scrap Furnace
factorytech:ore:0, Native Copper Ore
factorytech:ore:1, Nickel Ore
factorytech:oreblock:0, Block of Copper
factorytech:oreblock:1, Block of Nickel
factorytech:oreblock:2, Cupronickel Alloy Block
factorytech:oreblock:3, Block of Invar
factorytech:bricks:0, Sand Bricks
factorytech:bricks:1, Earthy Bricks
factorytech:bricks:2, Charred Bricks
factorytech:bricks:3, Ashen Bricks
factorytech:smokestack:0, Brick Smokestack
factorytech:smokestack:1, Sand Brick Smokestack
factorytech:smokestack:2, Earthy Brick Smokestack
factorytech:smokestack:3, Charred Brick Smokestack
factorytech:smokestack:4, Ashen Brick Smokestack
factorytech:smokestack:5, Stone Smokestack
factorytech:smokestack:6, Stone Brick Smokestack
factorytech:smokestack:7, Solid Iron Smokestack
factorytech:smokestack:8, Sheet Metal Smokestack
factorytech:metal:0, Patterned Sheet Metal
factorytech:metal:1, Riveted Sheet Metal
factorytech:metal:2, Smooth Sheet Metal
factorytech:metal:3, Rusted Sheet Metal
factorytech:metal:4, Sheet Metal Siding
factorytech:metal:5, Caution Striped Sheet Metal
factorytech:scaffold, Scaffolding
factorytech:decocoil, Decorative Coil
factorytech:blowtorch, Mounted Blowtorch
factorytech:handbook, item.factorytech.handbook.name
factorytech:wrench, item.factorytech.wrench.name
factorytech:fluidreader, item.factorytech.fluidreader.name
factorytech:craftstopper, item.factorytech.craftstopper.name
factorytech:core_unfinished, item.factorytech.core_unfinished.name
factorytech:pressuregun, item.factorytech.pressuregun.name
factorytech:elementsword, Element Sword
factorytech:hardhat, Hard Hat
factorytech:safetyvest, Safety Vest
factorytech:workpants, Work Pants
factorytech:steeltoeboots, Steel-Toe Boots
factorytech:handpump, item.factorytech.handpump.name
factorytech:tuningfork, item.factorytech.tuningfork.name
factorytech:probe, item.factorytech.probe.name
theoneprobe:probe, The One Probe
theoneprobe:creativeprobe, The Creative Probe
theoneprobe:probenote, The One Probe Read Me
theoneprobe:diamond_helmet_probe:0, Diamond Helmet with Probe
theoneprobe:gold_helmet_probe:0, Gold Helmet with Probe
theoneprobe:iron_helmet_probe:0, Iron Helmet with Probe
omlib:debug_tool, Debug Tool
omlib:fake_sword, item.fake_sword.name
omlib:multi_tool, item.multi_tool.name
omlib:network_cable, tile.network_cable.name
openmodularturrets:intermediate_tiered:0, Sensor (Tier 1)
openmodularturrets:intermediate_tiered:1, Sensor (Tier 2)
openmodularturrets:intermediate_tiered:2, Sensor (Tier 3)
openmodularturrets:intermediate_tiered:3, Sensor (Tier 4)
openmodularturrets:intermediate_tiered:4, Sensor (Tier 5)
openmodularturrets:intermediate_tiered:5, Chamber (Tier 1)
openmodularturrets:intermediate_tiered:6, Chamber (Tier 2)
openmodularturrets:intermediate_tiered:7, Chamber (Tier 3)
openmodularturrets:intermediate_tiered:8, Chamber (Tier 4)
openmodularturrets:intermediate_tiered:9, Chamber (Tier 5)
openmodularturrets:intermediate_tiered:10, Barrel (Tier 1)
openmodularturrets:intermediate_tiered:11, Barrel (Tier 2)
openmodularturrets:intermediate_tiered:12, Barrel (Tier 3)
openmodularturrets:intermediate_tiered:13, Barrel (Tier 4)
openmodularturrets:intermediate_tiered:14, Barrel (Tier 5)
openmodularturrets:intermediate_regular:0, IO Bus
openmodularturrets:addon_meta:0, Addon - Turret Concealer
openmodularturrets:addon_meta:1, Addon - Damage Boost
openmodularturrets:addon_meta:2, Addon - Potentia Converter
openmodularturrets:addon_meta:3, Addon - Recycler
openmodularturrets:addon_meta:4, Addon - Redstone Reactor
openmodularturrets:addon_meta:5, Addon - Serial Port
openmodularturrets:addon_meta:6, Addon - Solar Panel
openmodularturrets:addon_meta:7, Addon - Fake Drops
openmodularturrets:upgrade_meta:0, Upgrade - Accuracy
openmodularturrets:upgrade_meta:1, Upgrade - Efficiency
openmodularturrets:upgrade_meta:2, Upgrade - Fire Rate
openmodularturrets:upgrade_meta:3, Upgrade - Range
openmodularturrets:upgrade_meta:4, Upgrade - Scatter Shot
openmodularturrets:ammo_meta:0, Ammo - Blazing Clay
openmodularturrets:ammo_meta:1, Ammo - Bullet
openmodularturrets:ammo_meta:2, Ammo - Ferro-Magnetic Slug
openmodularturrets:ammo_meta:3, Ammo - Grenade
openmodularturrets:ammo_meta:4, Ammo - Rocket
openmodularturrets:usable_meta:0, Throwable Bullet
openmodularturrets:usable_meta:1, Throwable Grenade
openmodularturrets:usable_meta:2, Turret Memory Card
openmodularturrets:turret_base:0, Turret Base (Tier 1)
openmodularturrets:turret_base:1, Turret Base (Tier 2)
openmodularturrets:turret_base:2, Turret Base (Tier 3)
openmodularturrets:turret_base:3, Turret Base (Tier 4)
openmodularturrets:turret_base:4, Turret Base (Tier 5)
openmodularturrets:expander:0, Base Inventory Expander (Tier 1)
openmodularturrets:expander:1, Base Inventory Expander (Tier 2)
openmodularturrets:expander:2, Base Inventory Expander (Tier 3)
openmodularturrets:expander:3, Base Inventory Expander (Tier 4)
openmodularturrets:expander:4, Base Inventory Expander (Tier 5)
openmodularturrets:expander:5, Base Power Expander (Tier 1)
openmodularturrets:expander:6, Base Power Expander (Tier 2)
openmodularturrets:expander:7, Base Power Expander (Tier 3)
openmodularturrets:expander:8, Base Power Expander (Tier 4)
openmodularturrets:expander:9, Base Power Expander (Tier 5)
openmodularturrets:base_addon:0, Base Addon - Loot Deleter
openmodularturrets:disposable_item_turret, Disposable Item Turret
openmodularturrets:potato_cannon_turret, Potato Cannon Turret
openmodularturrets:machine_gun_turret, Gun Turret
openmodularturrets:incendiary_turret, Incendiary Turret
openmodularturrets:grenade_turret, Grenade Launcher Turret
openmodularturrets:relativistic_turret, Relativistic Turret
openmodularturrets:rocket_turret, Rocket Launcher Turret
openmodularturrets:teleporter_turret, Teleporter Turret
openmodularturrets:laser_turret, Laser Turret
openmodularturrets:rail_gun_turret, Rail Gun Turret
openmodularturrets:lever_block, Basic Turret Base Crank